tweet_id,username,tweet_text
1892037372881088962,,Replace CEOs with A.I. #ai
1892037372461678669,,"#RateCuts, #Tariffs and #AI â€“ whatâ€™s the latest?
#MarketMusings

https://t.co/x0qSM45OX5"
1892037367252332642,,"RT @TraderLuisFX: The secret to consistent profits in tradingğŸš€

Watch this video to discover how integrating machine learning can elevate eâ€¦"
1892037367227089364,,"Artificial Intelligence in the publishing space has become a hot-button issue. 
https://t.co/wxjrZVfubg

#writingcommunity #selfpublishingtips #writingtips #ArtificialIntelligence #writersweekly https://t.co/GLFzcnHYbp"
1892037366249837026,,"RT @jeistoken: ğŸš€ AI is revolutionizing creativity!

From digital art to music composition, AI is reshaping the way artists create and innovâ€¦"
1892037363674775964,,"RT @icphub_SG: What is CaffeineAI?

@caffeineai is an AI-driven platform designed to enable anyone regardless of technical expertise to buiâ€¦"
1892037328912240826,,"RT @PerviRexartt: Prompt Gallery Ver. NSFW, Part 005:  Bram - DOTA: Dragon's Blood
Concept: Anal insertion
#Ai #AIart #yaoi #yaoiAI #bl #boâ€¦"
1892037327343509972,,"RT @TamilJanamNews: AI-à®¯à®¿à®²à¯ à®ªà¯‹à®Ÿà¯à®™à¯à®• à®…à®£à¯à®£à¯‡ à®ªà®¾à®ªà¯à®ªà¯‹à®®à¯
à®ªà¯‹à®°à¯à®Ÿà¯ à®ªà®Ÿà®¿à®•à¯à®•à®©à¯à®®à¯ à®¤à®²à¯ˆà®µà®¾..! 
à®…à®£à¯à®£à®¾à®®à®²à¯ˆ Rocked! à®šà¯†à®¯à¯à®¤à®¿à®¯à®¾à®³à®°à¯ Shocked! 
#Annamalai #bjp #Natiâ€¦"
1892037320582341086,,"RT @PerviRexartt: I hate it, I love it, it's a confusing feeling, but oh well, it was time to update it and here it is!
#Ai #AIart #yaoi #yâ€¦"
1892037318594150645,,"RT @Match_SocialFi: ğŸš€ NFT Turbo Pool is on fire! ğŸ”¥

With a total TVL of $4.50M and 4,843 groups staked, Match's Turbo Staking offers incredâ€¦"
1892037316501258637,,"RT @DecentralGPT: ğŸ©NEW AMA SESSION!

âš¡ï¸Already scheduled!
âš¡ï¸This Saturday you can take part in our AMA session and get incredible prizes foâ€¦"
1892037315310080147,,"@RealAlexJones $4.7T?!  Even PublicAI's 500,000+ contributors couldn't label that much data!  Maybe some AI could help track it? ğŸ¤” #AI #blockchain"
1892037314840269288,,"RT @Match_SocialFi: ğŸš€ NFT Turbo Pool is on fire! ğŸ”¥

With a total TVL of $4.50M and 4,843 groups staked, Match's Turbo Staking offers incredâ€¦"
1892037314764746952,,"RT @Match_SocialFi: ğŸš€ NFT Turbo Pool is on fire! ğŸ”¥

With a total TVL of $4.50M and 4,843 groups staked, Match's Turbo Staking offers incredâ€¦"
1892037314357956765,,"RT @Match_SocialFi: ğŸš€ NFT Turbo Pool is on fire! ğŸ”¥

With a total TVL of $4.50M and 4,843 groups staked, Match's Turbo Staking offers incredâ€¦"
1892037313036800354,,"RT @Match_SocialFi: ğŸš€ NFT Turbo Pool is on fire! ğŸ”¥

With a total TVL of $4.50M and 4,843 groups staked, Match's Turbo Staking offers incredâ€¦"
1892037312931913866,,"RT @Match_SocialFi: ğŸš€ NFT Turbo Pool is on fire! ğŸ”¥

With a total TVL of $4.50M and 4,843 groups staked, Match's Turbo Staking offers incredâ€¦"
1892037312793501821,,"RT @Match_SocialFi: ğŸš€ NFT Turbo Pool is on fire! ğŸ”¥

With a total TVL of $4.50M and 4,843 groups staked, Match's Turbo Staking offers incredâ€¦"
1892037312764084533,,"RT @Match_SocialFi: ğŸš€ NFT Turbo Pool is on fire! ğŸ”¥

With a total TVL of $4.50M and 4,843 groups staked, Match's Turbo Staking offers incredâ€¦"
1892037312751489220,,"RT @Match_SocialFi: ğŸš€ NFT Turbo Pool is on fire! ğŸ”¥

With a total TVL of $4.50M and 4,843 groups staked, Match's Turbo Staking offers incredâ€¦"
1892037312445370456,,"RT @Match_SocialFi: ğŸš€ NFT Turbo Pool is on fire! ğŸ”¥

With a total TVL of $4.50M and 4,843 groups staked, Match's Turbo Staking offers incredâ€¦"
1892037312441160142,,"RT @Match_SocialFi: ğŸš€ NFT Turbo Pool is on fire! ğŸ”¥

With a total TVL of $4.50M and 4,843 groups staked, Match's Turbo Staking offers incredâ€¦"
1892037312176914692,,"RT @Match_SocialFi: ğŸš€ NFT Turbo Pool is on fire! ğŸ”¥

With a total TVL of $4.50M and 4,843 groups staked, Match's Turbo Staking offers incredâ€¦"
1892037312172757093,,"RT @Match_SocialFi: ğŸš€ NFT Turbo Pool is on fire! ğŸ”¥

With a total TVL of $4.50M and 4,843 groups staked, Match's Turbo Staking offers incredâ€¦"
1892037312134992168,,"RT @Match_SocialFi: ğŸš€ NFT Turbo Pool is on fire! ğŸ”¥

With a total TVL of $4.50M and 4,843 groups staked, Match's Turbo Staking offers incredâ€¦"
1892037311321313503,,"RT @Match_SocialFi: ğŸš€ NFT Turbo Pool is on fire! ğŸ”¥

With a total TVL of $4.50M and 4,843 groups staked, Match's Turbo Staking offers incredâ€¦"
1892037311317066043,,"RT @Match_SocialFi: ğŸš€ NFT Turbo Pool is on fire! ğŸ”¥

With a total TVL of $4.50M and 4,843 groups staked, Match's Turbo Staking offers incredâ€¦"
1892037307265434077,,"RT @Match_SocialFi: ğŸš€ NFT Turbo Pool is on fire! ğŸ”¥

With a total TVL of $4.50M and 4,843 groups staked, Match's Turbo Staking offers incredâ€¦"
1892037305822597315,,"Design like a pro, even if you're not one. ğŸ˜‰ https://t.co/GmaBGMuMzm makes it possible. #aidesign #prodesign #designforall #designsdotai @designsdotai#designsdotai #digitalmagic #entertainment #VIRAL #AI #US #meme #fyp #messi_king #v #pixlr #messi https://t.co/PI56fk3C0N"
1892037305587671332,,"RT @Match_SocialFi: ğŸš€ NFT Turbo Pool is on fire! ğŸ”¥

With a total TVL of $4.50M and 4,843 groups staked, Match's Turbo Staking offers incredâ€¦"
1892037305172434949,,"RT @Match_SocialFi: ğŸš€ NFT Turbo Pool is on fire! ğŸ”¥

With a total TVL of $4.50M and 4,843 groups staked, Match's Turbo Staking offers incredâ€¦"
1892037305138925717,,"RT @Match_SocialFi: ğŸš€ NFT Turbo Pool is on fire! ğŸ”¥

With a total TVL of $4.50M and 4,843 groups staked, Match's Turbo Staking offers incredâ€¦"
1892037304841048076,,"RT @Match_SocialFi: ğŸš€ NFT Turbo Pool is on fire! ğŸ”¥

With a total TVL of $4.50M and 4,843 groups staked, Match's Turbo Staking offers incredâ€¦"
1892037304274862300,,"RT @Match_SocialFi: ğŸš€ NFT Turbo Pool is on fire! ğŸ”¥

With a total TVL of $4.50M and 4,843 groups staked, Match's Turbo Staking offers incredâ€¦"
1892037304073527710,,"RT @Match_SocialFi: ğŸš€ NFT Turbo Pool is on fire! ğŸ”¥

With a total TVL of $4.50M and 4,843 groups staked, Match's Turbo Staking offers incredâ€¦"
1892037303830245391,,"RT @Match_SocialFi: ğŸš€ NFT Turbo Pool is on fire! ğŸ”¥

With a total TVL of $4.50M and 4,843 groups staked, Match's Turbo Staking offers incredâ€¦"
1892037303285010641,,"RT @Match_SocialFi: ğŸš€ NFT Turbo Pool is on fire! ğŸ”¥

With a total TVL of $4.50M and 4,843 groups staked, Match's Turbo Staking offers incredâ€¦"
1892037303196962843,,"RT @Match_SocialFi: ğŸš€ NFT Turbo Pool is on fire! ğŸ”¥

With a total TVL of $4.50M and 4,843 groups staked, Match's Turbo Staking offers incredâ€¦"
1892037303150800938,,"RT @Match_SocialFi: ğŸš€ NFT Turbo Pool is on fire! ğŸ”¥

With a total TVL of $4.50M and 4,843 groups staked, Match's Turbo Staking offers incredâ€¦"
1892037303117209608,,"RT @Match_SocialFi: ğŸš€ NFT Turbo Pool is on fire! ğŸ”¥

With a total TVL of $4.50M and 4,843 groups staked, Match's Turbo Staking offers incredâ€¦"
1892037303037514062,,"RT @Match_SocialFi: ğŸš€ NFT Turbo Pool is on fire! ğŸ”¥

With a total TVL of $4.50M and 4,843 groups staked, Match's Turbo Staking offers incredâ€¦"
1892037302974661010,,"RT @Match_SocialFi: ğŸš€ NFT Turbo Pool is on fire! ğŸ”¥

With a total TVL of $4.50M and 4,843 groups staked, Match's Turbo Staking offers incredâ€¦"
1892037298759279036,,"RT @Match_SocialFi: ğŸš€ NFT Turbo Pool is on fire! ğŸ”¥

With a total TVL of $4.50M and 4,843 groups staked, Match's Turbo Staking offers incredâ€¦"
1892037298423750860,,"RT @Match_SocialFi: ğŸš€ NFT Turbo Pool is on fire! ğŸ”¥

With a total TVL of $4.50M and 4,843 groups staked, Match's Turbo Staking offers incredâ€¦"
1892037296850862520,,"Artificial Intelligence in the publishing space has become a hot-button issue. 
https://t.co/gkobCUI0Ec

#writingcommunity #selfpublishingtips #writingtips #ArtificialIntelligence #writersweekly https://t.co/JYpl8wYpaH"
1892037296708370639,,"RT @Match_SocialFi: ğŸš€ NFT Turbo Pool is on fire! ğŸ”¥

With a total TVL of $4.50M and 4,843 groups staked, Match's Turbo Staking offers incredâ€¦"
1892037296414749047,,"RT @Match_SocialFi: ğŸš€ NFT Turbo Pool is on fire! ğŸ”¥

With a total TVL of $4.50M and 4,843 groups staked, Match's Turbo Staking offers incredâ€¦"
1892037296221749416,,"RT @Match_SocialFi: ğŸš€ NFT Turbo Pool is on fire! ğŸ”¥

With a total TVL of $4.50M and 4,843 groups staked, Match's Turbo Staking offers incredâ€¦"
1892037296095949193,,"RT @Match_SocialFi: ğŸš€ NFT Turbo Pool is on fire! ğŸ”¥

With a total TVL of $4.50M and 4,843 groups staked, Match's Turbo Staking offers incredâ€¦"
1892037296041623906,,"RT @Match_SocialFi: ğŸš€ NFT Turbo Pool is on fire! ğŸ”¥

With a total TVL of $4.50M and 4,843 groups staked, Match's Turbo Staking offers incredâ€¦"
1892037295944949918,,"RT @Match_SocialFi: ğŸš€ NFT Turbo Pool is on fire! ğŸ”¥

With a total TVL of $4.50M and 4,843 groups staked, Match's Turbo Staking offers incredâ€¦"
1892037295332630620,,"RT @Match_SocialFi: ğŸš€ NFT Turbo Pool is on fire! ğŸ”¥

With a total TVL of $4.50M and 4,843 groups staked, Match's Turbo Staking offers incredâ€¦"
1892037295202615549,,"RT @Match_SocialFi: ğŸš€ NFT Turbo Pool is on fire! ğŸ”¥

With a total TVL of $4.50M and 4,843 groups staked, Match's Turbo Staking offers incredâ€¦"
1892037295064441328,,"RT @Match_SocialFi: ğŸš€ NFT Turbo Pool is on fire! ğŸ”¥

With a total TVL of $4.50M and 4,843 groups staked, Match's Turbo Staking offers incredâ€¦"
1892037294653059547,,"RT @Match_SocialFi: ğŸš€ NFT Turbo Pool is on fire! ğŸ”¥

With a total TVL of $4.50M and 4,843 groups staked, Match's Turbo Staking offers incredâ€¦"
1892037294636355896,,"RT @Match_SocialFi: ğŸš€ NFT Turbo Pool is on fire! ğŸ”¥

With a total TVL of $4.50M and 4,843 groups staked, Match's Turbo Staking offers incredâ€¦"
1892037294279815606,,"RT @Match_SocialFi: ğŸš€ NFT Turbo Pool is on fire! ğŸ”¥

With a total TVL of $4.50M and 4,843 groups staked, Match's Turbo Staking offers incredâ€¦"
1892037294258835553,,"RT @Match_SocialFi: ğŸš€ NFT Turbo Pool is on fire! ğŸ”¥

With a total TVL of $4.50M and 4,843 groups staked, Match's Turbo Staking offers incredâ€¦"
1892037290916016525,,"RT @AISportify: âš¡Final pre-launch update completed âœ…

Sportify AI is ready to go liveâ°

The smartest way to bet on sports drops soon
stay râ€¦"
1892037276328189993,,"RT @PerviRexartt: Prompt Gallery Ver. NSFW, Part 003: Kenta - Rexartt Original Character
Concept: Sports 
#Ai #AIart #yaoi #yaoiAI #bl #boyâ€¦"
1892037263980171377,,@BitDoctorAI has been featured in @BSC_Daily's DeSci Ecosystem map! #BitDoctorAI #AI #DePIN #DeSci #healthtech   https://t.co/qf6DTJHnO4
1892037262646317318,,"RT @GateioLive: https://t.co/PW2AniPTxu #AMA - @MindAI_io

ğŸ 10,000 $MA for 5 users
ğŸ”ºFollow @GateioLive &amp; @MindAI_io
ğŸ”ºLike &amp; Rt
ğŸ”ºVenue: httâ€¦"
1892037255616716890,,#AI #freepik https://t.co/5fffgJJKOf https://t.co/p9aRr9FAo9
1892037252789727282,,"RT @OpenGradient: Exciting times as we push the frontier of #AI and #blockchain convergence.

ğŸ“¢ Check out this insightful article about Opeâ€¦"
1892037233776918684,,"Artificial Intelligence in the publishing space has become a hot-button issue. 
https://t.co/bH6NTgLJ2S

#writingcommunity #selfpublishingtips #writingtips #ArtificialIntelligence #writersweekly https://t.co/nguZwnz6iT"
1892037221680889860,,"RT @DecentralGPT: ğŸ©NEW AMA SESSION!

âš¡ï¸Already scheduled!
âš¡ï¸This Saturday you can take part in our AMA session and get incredible prizes foâ€¦"
1892037200440615030,,ã€#AI Coloringã€‘#NudeStillLife 975e https://t.co/NM7ylCHcHk #ContemporaryArt #äººå·¥çŸ¥èƒ½ #ç¾ä»£ã‚¢ãƒ¼ãƒˆ #æ”»æ®»æ©Ÿå‹•éšŠ
1892037198813319415,,"ãƒ‘ãƒ¼ã‚½ãƒŠãƒ«ãƒˆãƒ¬ãƒ¼ãƒŠãƒ¼ã«ã„ãã‚‰æ‰•ã£ã¦ã‚‹ï¼Ÿï¼Ÿ
é£Ÿäº‹ã®ç®¡ç†ãªã‚“ã¦AIãŒæ•™ãˆã¦ãã‚Œã‚‹ã®ã«ãƒ»ãƒ»ãƒ»
https://t.co/BWwtNNortP
#ãƒ€ã‚¤ã‚¨ãƒƒãƒˆ #AI #chatgpt"
1892037198309957794,,It is amazing what you can do with some yarn and some needles.  #AI #Dragons https://t.co/vA8Ds2iWIf
1892037197005717548,,"RT @GateioLive: https://t.co/PW2AniPTxu #AMA - @MindAI_io

ğŸ 10,000 $MA for 5 users
ğŸ”ºFollow @GateioLive &amp; @MindAI_io
ğŸ”ºLike &amp; Rt
ğŸ”ºVenue: httâ€¦"
1892037189166301197,,"#Boost your grades with expert guidance
âœ“#SocialWorkEssays
âœ“#ClimateChangeStudies
âœ“#ArtificialIntelligence
âœ“#NeuroscienceReports
âœ“#PhDProposal
âœ“#DataSecurityPapers
âœ“#FinancialAccounting
âœ“#MedicalTerminology
âœ“#CriminalJusticeResearch
âœ“#ThesisDevelopment
âœ“#MarketingPlansâ€¦ https://t.co/q8d2TAbJQ2"
1892037178886181147,,"RT @LivRivLeft: We're currently researching #AI to investigate elected officials, with particular interest in certain @UKLabour folk, nearâ€¦"
1892037163790766136,,"RT @AI_news_nd: å­¦ç¿’åˆ†æå­¦ä¼šã€å°ä¸­å­¦æ ¡ã«ãŠã‘ã‚‹ç”ŸæˆAIã®æ´»ç”¨æ³•ã‚’å®Ÿè·µäº‹ä¾‹ã¨ã¨ã‚‚ã«ç´¹ä»‹ã™ã‚‹ ... - EdTechZine &gt;&gt;&gt; https://t.co/WeiM4zrkVW

#AI #äººå·¥çŸ¥èƒ½ #ç”ŸæˆAI #æ©Ÿæ¢°å­¦ç¿’ #æ·±å±¤å­¦ç¿’ #ãƒ‡ã‚£ãƒ¼ãƒ—ãƒ©ãƒ¼ãƒ‹ãƒ³ã‚°"
1892037162289201334,,"@LayeredInvest 50ì¡°ì›?!  We could build a virtual data center with our 500,000+ contributors! ğŸ˜‰  More kimchi, less concrete.  PublicAI powers AI. #AI #Korea"
1892037157369303356,,"Many wonder where to best apply our sensor-based #OreSorting equipment in the #mining process. One great application is right at the startâ€”at the Pithead or excavation site! ğŸšœâ›ï¸

Watch the video to learn more!

#MiningInnovation #Sustainability #AI https://t.co/sCvKzbaDMt"
1892037155943277000,,"@RWAwatchlist_ Just waiting for the launch of @EstateXeu at the moment. Until then you can enter their giveaway to win a Lambo among many other prizes. It's free to join!

https://t.co/ung9MVdcY4 &lt; LAMBO GIVEAWAY

$esx #rwa #ai"
1892037140516655312,,diving deeper on How Does BitDoctor Technology Work.  #BitDoctorAI #AI #DePIN #DeSci #healthtech https://t.co/BdLGRRk5EO #https://x.com/BitDoctorAI/status/1800858302039093719
1892037138243518856,,"ğŸƒ Iâ€™ve just started earning Bytes on @despeednet - the worldâ€™s first decentralized network for internet speed verification! ğŸŒ

âš™ï¸ Set up your #DeSpeed Validator today and start earning Bytes.

ğŸ‘‰ Kickstart your journey here: https://t.co/nf049vhV5s

#Depin #Extension #Web3 #AI"
1892037131062968820,,"@hubdotxyz @opensea @blur_io Meanwhile, @PublicAI's decentralized network is quietly revolutionizing AI training data, no NFT drama required ğŸ¤–ğŸ’» #AI #NFT"
1892037128248254721,,"RT @KirkDBorne: #Python for #MachineLearning - a Learning Roadmap

#infographic source: https://t.co/Qi5wqWIBpd https://t.co/vcsjXZmz2l"
1892037120618811525,,"RT @DecentralGPT: ğŸ©NEW AMA SESSION!

âš¡ï¸Already scheduled!
âš¡ï¸This Saturday you can take part in our AMA session and get incredible prizes foâ€¦"
1892037110732878106,,"RT @wolftensor: Staking $TAO right now feels like staking $ETH in early 2017 at $50. 

#Ai"
1892037104860868800,,"RT @ryuna_DL062: ãŠã¯ã‚ˆã†ã”ã–ã„ã¾ã™ï¼ãŠå‹é”ã¨ã®ã‚²ãƒ¼ãƒ ã‚„ã‚Šã™ãã¦ã¡ã‚‡ã£ã¨å¯ä¸è¶³ï¾Ÿï¾Ÿ\(Â´O`/)Â°ã‚œï¾Ÿä»Šæ—¥ã‚‚ãŠä»•äº‹é ‘å¼µã‚Šã¾ã™ï¼
 #AI  #AIã‚¤ãƒ©ã‚¹ãƒˆ  #ãŠã‚€ã¤  #ABDL  #diaper https://t.co/I1934QJrSr"
1892037097122353191,,"Join #Mozo and be a part of the groundbreaking Web3 #AI community! @Mozo_xyz
 https://t.co/n1bSGdSDMk"
1892037088469508535,,@lnstantFoot Sounds like someone needs some unbiased data!  Maybe PublicAI could verify who was *actually* luckier? ğŸ˜‰ #football #AI
1892037087010095448,,"RT @PerviRexartt: Kamijou Touma - To Aru Majutsu no Index (Illustrious Ver. UPDATE)
Model: https://t.co/koQ08c6cdx
Gallery: https://t.co/ziâ€¦"
1892037085961277491,,"RT @soyjak_coin: All the generative AI agents you need. Try yourselfğŸ‹ï¸â€â™€ï¸

Launch  APP: https://t.co/zAQpOJtSti

#CryptoAiAgents #AI #Cryptâ€¦"
1892037083264389551,,"RT @soyjak_coin: All the generative AI agents you need. Try yourselfğŸ‹ï¸â€â™€ï¸

Launch  APP: https://t.co/zAQpOJtSti

#CryptoAiAgents #AI #Cryptâ€¦"
1892037076729626860,,"RT @ryuna_DL062: ã“ã‚“ã«ã¡ã¯ï¼ä»Šæ—¥ã¯å¿™ã—ãã†ğŸ’¦
ãŠå¼å½“é£Ÿã¹ã¦åˆå¾Œã‚‚é ‘å¼µã‚Šã¾ã™ï¼
 #AI  #AIã‚¤ãƒ©ã‚¹ãƒˆ  #ãŠã‚€ã¤  #ABDL  #diaper https://t.co/AKzrPIgB9y"
1892037070627144152,,"Ever looked around for help in a store? #AI-enhanced cameras now alert staff when customers need assistance. Smarter service, better experience â€” thatâ€™s visual intelligence at work. https://t.co/OOjMKgLIuu https://t.co/lJEXULFAci"
1892037051580571802,,"How to Create Lifelike Cinematic AI Videos FULL COURSE https://t.co/EsvoDcbxI3 via @YouTube 

#ai"
1892037034639761725,,"ğŸš€ AI is revolutionizing creativity!

From digital art to music composition, AI is reshaping the way artists create and innovate. Will it empower or replace creatives?
ğŸ¤–âœ¨ The future of art and technology is unfolding. What do you think? ğŸ‘‡
#jeisdao #AI #Web3 #CreativeTech #NFTs https://t.co/rKXbUDlouQ"
1892037019762557326,,"RT @DecentralGPT: ğŸ©NEW AMA SESSION!

âš¡ï¸Already scheduled!
âš¡ï¸This Saturday you can take part in our AMA session and get incredible prizes foâ€¦"
1892037018365911522,,"@RWAwatchlist_ ğŸ‘‰  $PBX @paribus_io
  is building something big in DeFi! With its innovative approach to collateralized lending, it could become a giant in the space. Those who see it early profit the most! ğŸš€ğŸ”¥ #PBX #Paribus #RWA #NFT #AI"
1892037013739614610,,"RT @baskvilley: He looks ready now
#AIBLéƒ¨ #AIã‚¤ã‚±ãƒ¡ãƒ³éƒ¨ #AI #Gay #AIart #yaoi #yaoiAI #DetectiveConan #HattoriHeiji #æœéƒ¨å¹³æ¬¡ https://t.co/zNoIoXVJbH"
1892037003857805363,,"RT @fiverrfiver: ğŸ‘‹Hey Friends! Join $BTCAI and collect $15 right now! This is the hottest trending Airdrop! https://t.co/gROg1jlq6f
#Solanaâ€¦"
1892037003459359073,,"Machine learning drives ""autonomous"" control of particle accelerators - EurekAlert! https://t.co/1xjJ6tLFGB #MachineLearning"
1892036994819035273,,"ğŸ™ï¸ AMA | Deep dive into #DeFi, #AI &amp; yields generation

ğŸ‘¥Guests: @noon_capital , @Amplifi_Fi , @YieldexAi 
âï¸Hosted: @FydeLabs 

ğŸ‘‰Set reminder: https://t.co/rE01F4ZSnB

â„¹ï¸Learn more about Noon: https://t.co/C4MaGhy07r , the intelligent &amp; fair yield-generating stablecoinğŸª™ https://t.co/9XNZ02evBJ"
1892036989932687662,,"#Need urgent academic help? Contact us!
âœ“#PersuasiveEssays
âœ“#QuantitativeResearch
âœ“#AIProjects
âœ“#MachineLearning
âœ“#DataScienceHomework
âœ“#EthicalCaseStudies
âœ“#ResearchDesign
âœ“#AnthropologyTheory
âœ“#FinanceAnalysis
âœ“#PharmacologyEssays
âœ“#MedicalCaseStudiesâ€¦ https://t.co/kE3zW1R9Km"
